,AAPL,MSFT,NVDA,GOOGL,META,AVGO,CRM,ADBE,JPM,BAC,GS,MS,AXP,WFC,SCHW,JNJ,UNH,PFE,ABBV,MRK,TMO,ABT,MDT,AMZN,TSLA,MCD,NKE,SBUX,TGT,COST,XOM,CVX,COP,SLB,EOG,PSX,CAT,BA,HON,UPS,RTX,DE,NEE,DUK,AMT,PLD,LIN,VZ
2019-01-31,39.52710723876953,97.48707580566406,3.5636565685272217,55.833038330078125,165.39210510253906,22.178071975708008,150.14569091796875,247.82000732421875,84.9312515258789,23.89048385620117,167.3487091064453,34.07426452636719,93.36275482177734,40.45436477661133,42.19750595092773,108.74317932128906,239.08758544921875,29.00360679626465,59.50276947021485,56.75370788574219,241.0084686279297,64.54410552978516,72.23306274414062,85.9365005493164,20.468000411987305,151.09657287597656,74.24500274658203,58.178688049316406,59.748313903808594,194.0538024902344,52.57762145996094,83.4878921508789,52.75567626953125,36.11177444458008,74.19763946533203,71.30618286132812,114.76913452148438,374.7057495117188,116.4994888305664,79.06552124023438,62.77715301513672,147.8706512451172,37.41285705566406,65.6938705444336,143.90939331054688,56.59986114501953,146.2947540283203,37.25371551513672
2019-02-28,41.2969856262207,105.02842712402344,3.8281478881835938,55.86576461791992,160.19290161132812,22.765905380249023,161.68548583984375,262.5,85.636962890625,24.52694702148437,166.91294860839844,33.81648635864258,97.94454193115234,41.26493835449219,41.66619110107422,112.39265441894533,214.3293914794922,29.6185302734375,58.72459030151367,61.98453521728516,254.6447906494141,68.64775085449219,73.9573974609375,81.99150085449219,21.32533264160156,156.3622589111328,77.7359848022461,60.30185317993164,59.98067855834961,198.303955078125,57.33272552490234,87.9532699584961,53.120487213134766,36.405887603759766,70.30824279785156,72.62359619140625,118.371826171875,429.6554565429688,125.6339340209961,83.39163970947266,67.21510314941406,147.9066925048828,39.50214385986328,67.80318450927734,146.6653289794922,57.33639907836914,155.47573852539062,38.51219177246094
2019-03-31,45.30384826660156,110.56907653808594,4.455997943878174,58.36214065551758,165.39210510253906,25.08384704589844,156.4688720703125,266.489990234375,83.06851959228516,23.27023696899414,162.91622924804688,33.99371337890625,99.36270904541016,39.96636199951172,38.7230110168457,114.98367309570312,219.6241455078125,29.01727867126465,59.7250862121582,63.84840774536133,268.7235107421875,70.69957733154297,74.83934783935547,89.0374984741211,18.65733337402344,161.5164794921875,76.5541763305664,63.80356597900391,66.272705078125,219.5178375244141,58.61677551269531,90.60112762451172,52.25146484375,36.00101089477539,71.19085693359375,71.72671508789062,116.7773208618164,372.4865417480469,129.58880615234375,84.5570068359375,68.93730163574219,144.81517028808594,40.68056106567383,68.06031036376953,164.0753631591797,59.31749725341797,158.71095275878906,40.00748062133789
2019-04-30,47.86061477661133,122.43789672851562,4.491734504699707,59.45659637451172,191.89410400390625,26.55946159362793,163.3650665283203,289.25,95.9583969116211,25.79209518432617,174.73667907714844,39.11222839355469,106.94900512695312,40.04081344604492,41.45790481567383,116.14344787597656,207.0201416015625,27.746448516845703,59.61587142944336,60.42453384399414,272.3853454589844,70.65147399902344,72.97410583496094,96.32599639892578,15.912667274475098,168.04010009765625,79.84507751464844,66.67018127441406,63.92764663696289,222.591064453125,58.23954772949219,88.30631256103516,49.41732406616211,35.265621185302734,71.9919662475586,71.04843139648438,120.89292907714844,368.8439025878906,141.58380126953125,80.37985229492188,76.2754898071289,150.06092834472656,40.9162483215332,68.90727233886719,163.35731506347656,63.208797454833984,162.61721801757812,39.093544006347656
2019-05-31,41.91572189331055,116.37956237792967,3.3654401302337646,54.87148666381836,176.08815002441406,20.990650177001957,149.59242248535156,270.8999938964844,87.61524200439453,22.43524742126465,155.5527801513672,32.98396301269531,104.64999389648438,37.05401992797852,37.82837677001953,108.6150131225586,214.7743988037109,28.619802474975582,57.603397369384766,60.808353424072266,262.10650634765625,67.60554504394531,76.07186889648438,88.75350189208984,12.343999862670898,169.623046875,70.3221206665039,65.5826416015625,67.0280532836914,217.78358459472656,51.92894744873047,84.56262969970703,46.390323638916016,28.663646697998047,61.37118148803711,61.523563385009766,103.88885498046876,335.5255432128906,134.6360321044922,70.988037109375,67.9246826171875,126.994140625,41.97330093383789,65.440185546875,174.6242218017578,60.73552703857422,163.65960693359375,37.15220260620117
2019-06-30,47.38651657104492,126.05277252197266,4.08021879196167,53.69620132446289,191.4972381591797,24.242172241210938,149.9085693359375,294.6499938964844,92.44418334960938,24.59163856506348,174.39910888671875,35.513084411621094,112.6144027709961,39.517608642578125,36.53742980957031,115.34808349609376,217.69715881347656,29.860536575317383,54.60719680786133,64.80035400390625,288.51123046875,74.68314361572266,80.02421569824219,94.68150329589844,14.897333145141602,177.6562957763672,76.53023529052734,72.28231048583984,72.16034698486328,240.21823120117188,56.22886276245117,92.42839050292967,47.99542999267578,33.30559539794922,69.8258285522461,71.22420501708984,118.1788558959961,357.526611328125,143.0594940185547,78.89510345458984,70.02210998535156,150.82339477539062,43.38151550292969,67.45055389404297,171.7488250732422,66.48360443115234,182.01519775390625,39.052528381347656
2019-07-31,51.0065803527832,128.22640991210938,4.191769599914551,60.41070556640625,192.71763610839844,24.42155265808105,152.6453094482422,298.8599853515625,96.5960922241211,26.016260147094727,187.63674926757807,36.40273666381836,113.81763458251952,40.42789077758789,39.29206466674805,107.84481811523438,222.1579742431641,26.7724666595459,50.7894172668457,64.13572692871094,272.7929077148437,77.63687133789062,84.2231674194336,93.33899688720705,16.107332229614258,180.27423095703125,78.4264144897461,81.64633178710938,71.98539733886719,250.55381774902344,54.56319046020508,91.44052124023438,46.72099304199219,33.49834060668945,64.55628967285156,78.0923080444336,115.0513153076172,335.10321044921875,141.31419372558594,91.27140045166016,71.85063934326172,150.76876831054688,43.87068557739258,66.2886734008789,177.77200317382812,66.9068603515625,173.3857879638672,38.17877578735352
2019-08-31,50.16695022583008,130.15452575683594,4.165828227996826,59.03854751586914,184.2242889404297,23.802570343017575,154.19647216796875,284.510009765625,91.48316192626952,23.32814216613769,174.9018096923828,33.894744873046875,110.15701293945312,39.32912063598633,34.95002746582031,107.10095977783205,208.7666473388672,24.733917236328125,50.11851119995117,66.82511901855469,282.0078430175781,76.05023193359375,89.1390609741211,88.81449890136719,15.040666580200195,187.46270751953125,77.23065185546875,83.57433319091797,89.86695861816406,268.5360717773437,50.87340545654297,88.33592224121094,41.264404296875,27.17916679382324,55.78836441040039,75.7900390625,103.98043060302734,359.8366394042969,135.56777954101562,91.42316436767578,70.46027374267578,140.99363708496094,46.65309143066406,71.65279388427734,193.37181091308597,69.40521240234375,172.0396728515625,40.17509078979492
2019-09-30,53.82722091674805,131.2591094970703,4.328969478607178,60.55649948120117,176.6934051513672,23.46320915222168,146.65806579589844,276.25,98.0033950805664,24.898826599121094,177.74951171875,34.85872268676758,108.2443618774414,42.59740447998047,38.20119857788086,107.9520492553711,194.79965209960935,24.998306274414062,57.72702407836914,65.48772430419922,286.3264465332031,74.57952117919922,90.19477081298828,86.79550170898438,16.058000564575195,184.65904235839844,85.84026336669922,76.52899932861328,89.7578125,262.4777526855469,52.45576477050781,88.99626922607422,45.06027603149414,29.08588409423828,55.81092834472656,78.68704223632812,110.36780548095705,376.0252685546875,139.33944702148438,92.31686401367188,73.85774993896484,154.23097229003906,49.615234375,74.06336975097656,186.55908203125,71.17398071289062,176.4200897216797,41.69478225708008
2019-10-31,59.7850456237793,135.35655212402344,4.999191761016846,62.42406463623047,190.15773010253903,24.88934898376465,154.61143493652344,277.92999267578125,104.8572998046875,26.69133949279785,183.02462768554688,37.903263092041016,107.73970794677734,43.60237503051758,37.17835998535156,110.17147064208984,226.51324462890625,26.695940017700195,61.5312614440918,67.41704559326172,296.8547058105469,74.82479858398438,90.42728424072266,88.83300018310547,20.994667053222656,169.16964721679688,81.84620666503906,73.18811798095703,89.7578125,271.2649841308594,50.197364807128906,87.15032196044922,43.98281097412109,27.826086044311523,52.3364143371582,89.76776885986328,121.3540496826172,335.9391174316406,142.24647521972656,88.73422241210938,77.67726135253906,159.22328186035156,50.7545166015625,72.82717895507812,183.9859313964844,73.29534149169922,180.6366424560547,42.20539474487305
2019-11-30,64.421630859375,143.40518188476562,5.394111156463623,64.67000579833984,200.06993103027344,26.874711990356445,160.93458557128906,309.5299987792969,110.5987777709961,28.4411678314209,190.9312744140625,40.72645568847656,110.3486785888672,46.43251037597656,45.384910583496094,115.51367950439452,250.86764526367188,27.059309005737305,67.8583984375,67.82156372070312,308.62158203125,76.47148895263672,92.4948959350586,90.04000091552734,21.996000289916992,168.33229064941406,85.67020416259766,74.31072235107422,105.57628631591795,273.73016357421875,51.223777770996094,88.75923919677734,47.75959014892578,30.813840866088867,53.53705596923828,88.8233642578125,127.45693969726562,364.0142211914063,147.77029418945312,92.96680450439452,80.6521224975586,153.65493774414062,50.05833053588867,68.8569107055664,180.56907653808597,76.46067810058594,187.7947540283203,42.04487228393555
2019-12-31,70.78544616699219,149.39224243164062,5.856024742126465,66.4205322265625,203.65182495117188,27.13062286376953,160.68760681152344,329.8099975585937,117.0117645263672,30.22710227966309,198.33213806152344,42.07632827758789,114.36320495605467,45.86980438232422,43.60618591308594,122.55419158935548,264.5285949707031,27.52294158935547,68.48494720458984,71.23957824707031,319.54559326171875,77.73332214355469,94.65473175048828,92.39199829101562,27.8886661529541,171.0414581298828,92.83609771728516,76.47663116455078,108.27883911132812,268.3525390625,52.4643440246582,91.32056427001952,51.81525421142578,34.69580078125,63.24770736694336,86.26057434082031,130.05491638183594,323.83331298828125,146.4875030517578,90.89363098144533,81.4241714477539,159.10647583007812,51.84384536743164,71.23103332519531,194.7567596435547,74.90258026123047,194.71348571777344,42.85449981689453
2020-01-31,74.60857391357422,161.2621307373047,5.884145736694336,71.0517578125,200.3378448486328,26.19828414916992,180.12147521972656,351.1400146484375,111.81566619873048,28.17591094970703,205.0775604248047,43.29694747924805,119.71907806396484,40.02096176147461,41.763282775878906,125.07469940185548,245.15550231933597,26.4273681640625,63.51495361328125,66.9237060546875,308.0570983886719,78.31511688232422,96.31504821777344,100.43599700927734,43.37133407592773,185.20188903808597,88.24516296386719,73.78881072998047,93.52467346191406,278.9435119628906,46.70513534545898,81.1889877319336,47.35323333740234,28.921789169311523,55.23820495605469,70.74433135986328,116.48524475097656,316.3875732421875,143.3590850830078,80.38021850585938,81.66341400146484,145.62567138671875,57.418724060058594,76.24475860595703,196.3838653564453,78.04522705078125,185.7780914306641,41.918251037597656
2020-02-29,66.05085754394531,153.89439392089844,6.725380897521973,66.4135971069336,190.97137451171875,23.40468978881836,168.35443115234375,345.1199951171875,98.08789825439452,24.45974922180176,174.23831176757812,37.30695343017578,101.33763122558594,35.20023727416992,37.50358581542969,113.70524597167967,229.41770935058597,23.71650695800781,67.19163513183594,59.968143463134766,286.03399658203125,69.22899627685547,83.99198913574219,94.1875,44.53266525268555,169.11570739746094,82.1312026977539,68.53978729248047,87.48295593261719,257.2254638671875,39.23058319091797,71.55828094482422,38.85364532470703,23.72618103027344,47.92716979980469,58.54451751708984,110.17986297607422,275.1099853515625,134.94041442871094,70.95903778076172,71.3393783569336,143.69720458984375,54.39578628540039,72.3115463256836,192.197509765625,70.81880187988281,174.69338989257812,38.19469833374024
2020-03-31,61.44306182861328,149.80975341796875,6.564263343811035,57.62126159667969,165.50125122070312,20.70125961303711,142.2515869140625,318.239990234375,76.05593872070312,18.336620330810547,134.16102600097656,28.16869735717773,78.91852569580078,24.730655670166016,30.941600799560547,110.8727569580078,225.3686981201172,23.16297912597656,59.7285270690918,60.7636604309082,279.1680908203125,70.9186019897461,75.71078491210938,97.48600006103516,34.93333435058594,144.0144500732422,76.02970886230469,57.45002746582031,78.96398162841797,260.8760681152344,28.95772361755371,55.55081558227539,24.714824676513672,11.81492042541504,27.21377944946289,41.95717239379883,102.9078598022461,149.13999938964844,111.3256378173828,73.25663757324219,51.53107452392578,127.59146118164062,51.78316879272461,63.77927017211914,184.52825927734372,68.09610748291016,158.96669006347656,37.891448974609375
2020-04-30,70.98969268798828,170.23277282714844,7.278462409973144,66.78303527832031,203.11605834960935,23.715208053588867,160.00588989257812,353.6400146484375,81.73719787597656,20.772294998168945,159.18109130859375,32.954830169677734,84.58494567871094,25.032245635986328,34.71497344970703,126.86150360107422,264.3099060058594,27.2221736907959,65.40106201171875,62.6590690612793,329.4497985839844,83.11234283447266,81.96542358398438,123.6999969482422,52.12533187866211,163.3585662841797,80.109619140625,67.05416107177734,93.20758056640624,277.8594055175781,35.44023513793945,70.53097534179688,33.78227996826172,14.731430053710938,36.31711959838867,57.22283935546875,104.15691375732422,141.02000427246094,118.0739517211914,74.22900390625,56.25812530517578,133.96363830566406,49.73871612548828,66.76002502441406,202.5313415527344,75.60301971435547,169.06521606445312,40.95058441162109
2020-05-31,77.03048706054688,174.55519104003906,8.840835571289062,71.08846282958984,223.33734130859372,25.430856704711918,172.69175720214844,386.6000061035156,83.06019592285156,20.83275604248047,171.58987426757812,36.94149398803711,88.12594604492188,23.27252197265625,33.2221565246582,126.64266204833984,275.4977722167969,27.371625900268555,73.7313461303711,63.74894332885742,343.7331237792969,85.66645050048828,82.76300811767578,122.11849975585938,55.66666793823242,163.3605499267578,90.81105041503906,68.5404281616211,104.45152282714844,282.87554931640625,35.34994888305664,71.33305358886719,34.1849479675293,16.176542282104492,38.96197128295898,61.9809455871582,107.51305389404295,145.85000610351562,122.25543212890624,79.00907135009766,56.50249099731445,140.4835968017578,54.99837875366211,68.31327056884766,219.69546508789065,77.52637481689453,185.92677307128903,40.900691986083984
2020-06-30,88.38373565673828,193.85389709472656,9.464975357055664,70.3212890625,225.30197143554688,27.839887619018555,185.0812225341797,435.30999755859375,80.2861328125,20.656238555908203,172.57667541503906,40.36818313598633,88.2464370727539,22.507614135742188,31.214580535888672,119.7294464111328,267.6990661621094,23.43682289123535,78.11528778076172,61.55712127685547,356.9109802246094,82.51668548583984,77.4923095703125,137.9409942626953,71.98733520507812,161.738525390625,90.32283020019533,64.67354583740234,102.40226745605467,278.052001953125,34.766876220703125,69.41165924072266,34.055267333984375,16.216466903686523,38.725006103515625,56.94392013549805,113.21404266357422,183.3000030517578,121.19928741455078,88.09776306152344,53.96286010742188,145.87266540527344,51.97104263305664,63.73408508300781,220.93093872070312,79.56542205810547,195.8231201171875,39.29688262939453
2020-07-31,102.97868347167967,195.28271484375,10.578119277954102,73.78765106201172,251.6948089599609,27.94044303894043,192.51095581054688,444.3200073242188,83.2921371459961,21.63904571533203,172.87356567382812,41.13755416870117,86.89625549316406,21.329479217529297,30.668731689453125,124.09699249267578,274.8056335449219,27.849023818969727,76.43524932861328,63.87357711791992,407.7476501464844,91.1814422607422,81.53170776367188,158.23399353027344,95.38400268554688,170.3397216796875,89.91751861572266,67.25733947753906,107.48267364501952,299.162109375,32.714454650878906,65.29657745361328,30.612010955810547,15.996015548706056,36.09781646728516,49.11909103393555,119.8145980834961,158.0,125.20601654052734,113.12139892578124,49.63671875,163.65771484375,60.74142074584961,67.60326385498047,223.36639404296875,89.87236785888672,226.28921508789065,41.43207931518555
2020-08-31,125.28070068359376,215.34841918945312,13.32834529876709,80.8086166381836,290.91705322265625,30.62201690673828,269.37701416015625,513.3900146484375,86.3518295288086,22.38701629638672,179.99110412597656,43.98217010498047,94.59697723388672,21.320146560668945,33.044517517089844,131.47935485839844,283.6729736328125,27.349658966064453,77.12781524658203,67.87760925292969,422.552490234375,99.18155670166016,90.8189697265625,172.54800415039062,166.10667419433594,188.3041076660156,103.30045318603516,74.63912200927734,129.74896240234375,319.4995422363281,31.663301467895508,66.23005676269531,31.02136611938477,16.76319122314453,34.93437957763672,46.97159194946289,128.31741333007812,171.82000732421875,139.55319213867188,130.4766387939453,53.817527770996094,194.9857940673828,60.71502685546875,64.8350601196289,212.9068603515625,86.83740234375,230.563720703125,42.72232818603516
2020-09-30,112.43614959716795,200.8346099853516,13.487842559814451,72.67931365966797,259.8606872558594,32.429569244384766,248.30307006835935,490.4299926757813,82.97322845458984,21.097902297973636,176.564697265625,40.691505432128906,93.34922790527344,20.755142211914062,33.69554138183594,127.59696197509766,284.131103515625,26.560800552368164,70.54010009765625,66.51105499267578,435.1265563964844,98.60172271728516,88.31636810302734,157.43649291992188,143.00332641601562,193.5690155029297,115.9025650024414,75.92034912109375,135.0775604248047,326.2449951171875,27.215850830078125,56.81596755981445,26.88682746887207,13.811767578125,27.691694259643555,41.645416259765625,134.48489379882812,165.25999450683594,138.7607879638672,132.8768768310547,50.764930725097656,206.4325256347656,60.3648681640625,71.46868896484375,207.568115234375,86.26734161376953,220.67221069335935,42.88090515136719
2020-10-31,105.68863677978516,193.32943725585935,12.494483947753906,80.14311218261719,261.0613098144531,31.1219482421875,229.48175048828125,447.1000061035156,85.28284454345703,20.756345748901367,166.08346557617188,40.82355117797852,85.31428527832031,18.936532974243164,38.23417663574219,117.50955200195312,278.0887756347656,25.67784881591797,69.46809387207031,60.304969787597656,466.26904296875,95.54875183105467,85.46939849853516,151.8074951171875,129.34666442871094,187.845458984375,110.86170959472656,76.83931732177734,130.61557006835938,329.2843322753906,25.86021423339844,54.84318161010742,23.71994400024414,13.261423110961914,26.64747428894043,37.48408508300781,142.4730987548828,144.38999938964844,139.04737854003906,125.28531646728516,47.92406463623047,210.4190216064453,63.68803787231445,74.33358001708984,197.19534301757807,85.04989624023438,204.1864471435547,41.51626205444336
2020-11-30,115.78117370605467,204.9409027099609,13.359249114990234,87.00093841552734,274.8134460449219,35.74623489379883,242.84933471679688,478.4700012207031,102.54122924804688,24.662391662597656,202.57894897460935,52.42201232910156,110.88797760009766,24.25603675842285,45.5449333190918,124.85896301269533,306.5228576660156,29.52373504638672,85.3698501586914,64.45840454101562,458.2469787597656,98.37584686279295,96.62791442871094,158.40199279785156,189.1999969482422,192.90089416503903,124.35935974121094,87.02053833007812,154.68630981445312,360.7284851074219,30.957693099975582,69.80692291259766,32.78689193725586,18.454151153564453,36.484622955322266,49.42365264892578,157.47787475585938,210.7100067138672,172.70375061035156,137.2493896484375,63.73503494262695,243.68032836914065,64.31884002685547,75.52641296386719,198.5262451171875,85.77864837646484,237.62136840820312,44.0076789855957
2020-12-31,129.04661560058594,212.93479919433597,13.017684936523438,86.91366577148438,271.0330810546875,39.306861877441406,219.858642578125,500.1199951171875,110.53541564941406,26.71080017089844,232.9485321044922,58.1025505065918,113.0573272705078,26.765893936157227,49.52241897583008,135.81907653808594,320.7414245605469,28.367759704589844,87.4677734375,66.10692596435547,459.2496948242188,99.5303192138672,100.0486068725586,162.84649658203125,235.22332763671875,190.3636932373047,130.87240600585938,94.97509002685548,152.10142517089844,356.0135498046875,33.46645736694336,67.6209716796875,33.14328384399414,19.494516372680664,38.81160736083984,57.05991744995117,165.1254119873047,214.05999755859372,180.13970947265625,135.1072235107422,63.54841995239258,251.32069396972656,67.43033599853516,74.62979125976562,193.8175201416016,85.9435043334961,245.10330200195312,42.79839324951172
2021-01-31,128.33670043945312,222.0679931640625,12.952621459960938,90.6190414428711,256.31854248046875,40.44247817993164,222.85226440429688,458.7699890136719,112.7332763671875,26.12917137145996,239.53839111328125,57.14004898071289,109.09051513671876,26.49983024597168,48.12190628051758,140.78134155273438,305.10125732421875,27.967437744140625,84.63402557373047,62.28435134887695,502.5539245605469,112.80032348632812,95.08631896972656,160.30999755859375,264.510009765625,184.38427734375,123.58272552490234,85.94632720947266,156.09939575195312,333.005615234375,36.40552520751953,68.22149658203125,33.17642974853516,19.833860397338867,39.90738296508789,55.31401824951172,166.75181579589844,194.19000244140625,165.46261596679688,124.35643005371094,59.30060577392578,269.7692565917969,70.68168640136719,76.61859130859375,196.32164001464844,88.99627685546875,228.25830078125,40.31143951416016
2021-02-28,118.10671997070312,222.98245239257807,13.675301551818848,100.2667999267578,255.61412048339844,42.18135833740234,213.90103149414065,459.6700134277344,128.94192504882812,30.588314056396484,282.213134765625,65.5086669921875,126.9188232421875,32.17979049682617,57.81360626220703,137.60391235351562,303.8573303222656,26.0899600982666,88.97803497314453,58.68809127807617,443.7697448730469,109.32293701171876,99.90341186523438,154.64649963378906,225.1666717529297,184.00131225585935,124.93707275390624,96.31556701660156,158.61866760253906,313.3742980957031,44.89255905151367,81.20403289794922,43.501197814941406,25.04096984863281,50.55772018432617,68.5260238647461,196.8845977783203,212.00999450683597,172.1326904296875,127.42867279052734,64.36862182617188,326.1144104003906,64.5596694946289,70.4896469116211,186.6247100830078,85.43470764160156,227.20718383789065,40.71640396118164
2021-03-31,118.97356414794922,226.23538208007807,13.314693450927734,102.28065490722656,292.2366943359375,41.94925308227539,209.32662963867188,475.3699951171875,133.37522888183594,34.26505279541016,289.990478515625,66.18190002441406,133.11663818359375,34.75986862182617,61.05459976196289,142.71864318847656,341.5142822265625,28.224517822265625,89.37445068359375,62.847900390625,450.2413330078125,109.37769317626952,101.40132904052734,154.70399475097656,222.6433258056641,200.06820678710935,123.18508911132812,97.4210968017578,171.2690887451172,333.7105407714844,46.09807205200195,85.0937271118164,44.30414962768555,24.39498710632324,56.79911422729492,67.2801284790039,211.4676055908203,254.72000122070312,184.6544952392578,137.24636840820312,69.08964538574219,350.3426208496094,66.43110656738281,79.49955749511719,206.4243621826172,91.97843170166016,261.6921691894531,42.81479263305664
2021-04-30,128.0414581298828,241.98171997070312,14.971766471862791,116.71039581298828,322.5487976074219,41.27431488037109,227.5551605224609,508.3399963378906,135.55323791503906,35.89461135864258,309.01275634765625,70.64804077148438,144.32579040527344,40.08017349243164,65.94422912597656,141.31187438964844,366.0491333007813,30.10978889465332,93.20287322998048,60.73638534545898,463.905029296875,109.99915313720705,112.3801040649414,173.37100219726562,236.47999572753903,210.72592163085935,122.934814453125,102.07505798339844,179.21560668945312,353.03082275390625,47.26228713989258,83.69700622558594,42.77353286743164,24.26937294006348,57.99151611328125,66.7602767944336,208.9788818359375,234.30999755859372,189.73297119140625,164.59231567382812,74.42762756347656,347.2618408203125,68.10043334960938,82.92562103271484,221.13038635253903,101.11554718017578,267.0167541503906,43.00750350952149
2021-05-31,121.57573699951172,240.1360626220703,16.20366096496582,116.8765106201172,326.1703796386719,42.733646392822266,235.24176025390625,504.5799865722656,144.7451934814453,37.54188919067383,331.0293884277344,77.83692169189453,150.70677185058594,41.6566162109375,69.35649108886719,147.89068603515625,378.0917053222656,30.46940803527832,94.62390899658205,61.86960983276367,463.1848449707031,106.8571319580078,108.66329956054688,161.15350341796875,208.4066619873047,209.92413330078125,126.7496109008789,101.93518829345705,196.852783203125,358.89434814453125,48.89742660522461,85.3133544921875,46.9837646484375,28.10940742492676,63.26775360107422,70.23418426513672,220.86111450195312,247.0200042724609,197.261474609375,174.09361267089844,79.79613494873047,338.1319885253906,64.33124542236328,83.33301544189453,221.7292938232422,102.25225067138672,280.8047790527344,42.04004669189453
2021-06-30,133.62503051757812,260.54498291015625,19.95677947998047,121.08869934082033,345.0025634765625,43.47939300537109,241.33770751953125,585.6400146484375,137.07786560058594,36.66826248168945,337.7118835449219,78.47024536132812,155.5066680908203,40.381591796875,68.37974548339844,143.94985961914062,368.9006042480469,30.80769920349121,94.15579223632812,67.0167465209961,497.9627685546875,106.19754791259766,107.08927154541016,172.00799560546875,226.5666656494141,207.32130432128903,143.49664306640625,100.0822982788086,209.7091064453125,375.4030151367188,52.84306716918945,86.09423065185547,51.33316421508789,28.834550857543945,65.70899963378906,71.56849670410156,199.37782287597656,239.55999755859372,187.3860015869141,168.71502685546875,76.73777770996094,331.1274108886719,64.72427368164062,82.08574676513672,235.59349060058597,104.2392578125,271.0125427246094,41.69771194458008
2021-07-31,142.3082733154297,274.0194091796875,19.454439163208008,133.6221160888672,353.5257568359375,44.25991439819336,239.02577209472656,621.6300048828125,134.5349884033203,34.115814208984375,333.5743103027344,82.74462890625,160.91354370117188,40.96115112304688,63.81547546386719,150.46839904785156,379.7528076171875,33.98424530029297,98.29898834228516,66.24117279052734,533.0442504882812,111.24553680419922,113.28360748291016,166.37950134277344,229.0666656494141,217.84039306640625,155.59011840820312,108.6932601928711,226.46044921875,408.4731750488281,48.22725296020508,83.68582916259766,47.61477279663086,25.970014572143555,58.413360595703125,61.23601913452149,190.4267425537109,226.47999572753903,199.7217712402344,155.24024963378906,78.21298217773438,339.4639892578125,68.80487060546875,87.39906311035156,246.6344146728516,111.66060638427734,288.1582336425781,41.97800064086914
2021-08-31,148.35487365722656,290.8965148925781,22.33778190612793,143.51136779785156,376.4259948730469,45.3367919921875,262.0856018066406,663.7000122070312,141.77671813964844,37.13072967529297,369.73577880859375,90.02938842773438,156.60125732421875,40.92451858520508,68.58234405517578,152.1800079345703,383.48382568359375,36.5721549987793,102.08555603027344,65.74134826660156,547.791748046875,116.20182037353516,115.15569305419922,173.5395050048828,245.2400054931641,214.2967834472656,153.26976013183594,105.57469177246094,214.9901123046875,432.9690246582031,46.36350631713867,80.61546325683594,47.16461944580078,25.370525360107425,54.13219451904297,60.0366325378418,194.2214813232422,219.5,198.9056701660156,159.5428466796875,76.70066833496094,354.89801025390625,74.52326202392578,87.83235931396484,254.8062286376953,117.43376922607422,294.9077453613281,41.3910026550293
2021-09-30,138.26132202148438,271.6628112792969,20.67229461669922,132.58021545410156,336.74737548828125,44.54112243652344,267.96417236328125,575.719970703125,145.091796875,37.94674682617188,338.0116577148437,83.89120483398438,158.08273315429688,41.56032180786133,68.57292175292969,141.9573211669922,361.2280578613281,34.14301300048828,91.17378997802734,65.30457305908203,564.2228393554688,108.62483978271484,108.6728973388672,164.2519989013672,258.49334716796875,217.59071350097656,135.1181640625,99.12286376953124,199.13873291015625,427.1326599121094,50.02019882202149,84.51419067382812,57.56071472167969,26.818204879760746,64.3541259765625,59.14144515991211,176.8136749267578,219.94000244140625,182.0693359375,148.5086669921875,77.78656768798828,315.5027770996094,69.66981506347656,81.89910888671875,232.5479888916016,109.90396881103516,275.95672607421875,40.645957946777344
2021-10-31,146.37132263183594,319.55450439453125,25.513063430786133,146.83242797851562,321.050537109375,48.8342170715332,296.0924072265625,650.3599853515625,151.49478149414062,42.71131896972656,369.5926818847656,89.21998596191406,164.38790893554688,45.8139533996582,77.22456359863281,143.1703338623047,425.6914978027344,34.722511291503906,98.0962905883789,76.55529022216797,625.1947021484375,118.97666931152344,103.91331481933594,168.6215057373047,371.3333435058594,221.59767150878903,155.64219665527344,95.31287384033205,225.99290466308597,467.992431640625,54.824928283691406,95.3773193359375,63.6484489440918,29.188770294189453,74.46728515625,63.15289306640625,188.94061279296875,207.02999877929688,187.50701904296875,174.0919189453125,80.41081237792969,322.3199768066406,75.7122573852539,85.60845184326172,247.0576019287109,127.0165023803711,300.2432861328125,40.3519401550293
2021-11-30,161.7522735595703,319.1448059082031,32.60706329345703,140.7343292236328,321.9336853027344,50.85585021972656,281.53924560546875,669.8499755859375,141.63229370117188,39.75245666503906,340.6582946777344,82.31017303466797,144.06883239746094,42.95236587524414,73.01908111572266,137.95909118652344,410.6687927246094,43.02736282348633,98.61813354492188,65.13069152832031,624.9578247070312,116.0966339111328,92.50416564941406,175.35350036621094,381.586669921875,221.9640655517578,157.45643615722656,98.94563293457033,212.98194885253903,513.540771484375,51.57149124145508,95.11451721191406,59.92300415039063,26.05945587158203,70.06980895996094,59.10424423217773,179.06802368164062,197.8500061035156,174.20773315429688,162.57667541503906,73.65533447265625,325.361328125,77.33982849121094,82.20655059814453,229.98077392578125,132.0897674560547,299.2463073730469,38.28065872192383
2021-12-31,173.7589569091797,324.6764221191406,29.352548599243164,143.66461181640625,333.7310485839844,61.50928497314453,251.07933044433597,567.0599975585938,141.20428466796875,39.96175384521485,343.8582458496094,85.20951843261719,154.7581024169922,43.13214492797852,79.35010528564453,151.35421752929688,465.7283020019531,47.28765487670898,115.83009338378906,67.26700592041016,659.204833984375,129.91526794433594,90.25786590576172,166.7169952392578,352.260009765625,243.2620849609375,155.34408569335938,105.56066131591795,202.15121459960935,540.5040893554688,52.73495101928711,98.8897705078125,61.84579849243164,27.213415145874023,73.2068862915039,61.91548156738281,191.46897888183597,201.32000732421875,179.60870361328125,175.6650848388672,78.33387756347656,323.8497314453125,83.20404815673828,88.89254760742188,257.5567321777344,148.10653686523438,326.9449462890625,39.56759643554688
2022-01-31,171.02883911132812,300.2137756347656,24.437335968017575,134.1943817138672,310.8208312988281,54.15768051147461,229.83741760253903,534.2999877929688,133.30430603027344,41.44382095336914,318.8070373535156,89.63194274902344,170.52841186523438,48.36410140991211,82.74678802490234,152.43359375,438.3025817871094,42.51532745361328,118.3199462890625,71.51509094238281,574.2998046875,118.0716552734375,90.2927703857422,149.57350158691406,312.239990234375,235.4398193359375,138.00802612304688,88.72979736328125,192.53451538085935,480.9315185546875,65.46408081054688,110.67059326171876,75.9320297241211,35.50010681152344,92.5487060546875,72.45118713378906,187.57737731933597,200.2400054931641,176.13729858398438,165.7238006591797,82.09310913085938,355.4989013671875,69.62189483642578,89.02812194824219,221.4547576904297,137.9547576904297,300.7557983398437,41.0230712890625
2022-02-28,161.78204345703125,289.04217529296875,24.336538314819336,133.94993591308594,209.38682556152344,54.30188751220703,208.00271606445312,467.6799926757813,127.20423889160156,39.70127868652344,306.7714233398437,79.3173599243164,184.4877777099609,48.192970275878906,79.85875701904297,146.53797912597656,441.36322021484375,37.87568283081055,127.72400665283205,67.21435546875,537.4491577148438,111.73546600341795,91.60150146484376,153.56300354003906,290.1433410644531,223.3539886474609,127.27084350585938,83.25675201416016,175.24522399902344,495.1243591308594,68.3333969116211,122.62151336669922,81.68746948242188,35.765594482421875,95.40454864501952,72.75019073486328,174.5671844482422,205.33999633789065,164.3489532470703,173.70542907714844,93.99974822998048,340.0284423828125,70.14191436767578,85.93836975097656,199.7671356201172,128.30442810058594,276.7466125488281,41.3621711730957
2022-03-31,171.08018493652344,298.2514953613281,27.236412048339844,137.9275360107422,220.62864685058597,58.60007858276367,209.77122497558597,455.6199951171875,122.28832244873048,37.20561218261719,298.4621887207031,76.3978271484375,177.33738708496094,43.759254455566406,79.7169418334961,157.810791015625,474.3901672363281,41.772987365722656,140.11865234375,72.65596008300781,583.8641967773438,109.64191436767578,97.37934112548828,162.99749755859375,359.20001220703125,225.6443634033203,125.7022705078125,82.51297760009766,186.16683959960935,549.0945434570312,71.96703338623047,138.656005859375,86.37104034423828,37.65230941772461,99.83829498291016,74.60693359375,207.36253356933597,191.5,168.53237915039062,177.04055786132812,90.67725372314452,393.3902893066406,75.91314697265625,95.56695556640624,221.20822143554688,142.783935546875,302.67315673828125,39.25822448730469
2022-04-30,154.46302795410156,268.466064453125,18.51329231262207,113.17411041259766,198.90907287597656,51.59334945678711,173.8279571533203,395.9500122070313,107.8676986694336,32.20513916015625,276.2109069824219,71.05006408691406,166.15274047851562,39.39776992797852,62.71646118164063,160.6868896484375,473.06927490234375,39.59437942504883,128.03370666503906,78.53575897216797,546.5675659179688,105.5589599609375,91.59539794921876,124.28150177001952,290.2533264160156,227.35986328125,116.4913330078125,67.70108795166016,200.5797882080078,507.8397521972656,74.28490447998047,133.41049194335938,82.50161743164062,35.55595016479492,98.36221313476562,74.92647552490234,196.8740234375,148.83999633789062,167.6056365966797,148.5767059326172,86.86968231201172,357.4941101074219,63.644813537597656,94.28312683105467,213.3611602783203,141.73170471191406,295.59503173828125,36.11677932739258
2022-05-31,146.04542541503906,263.61297607421875,18.63806533813477,112.82945251464844,192.1322479248047,53.98878479003906,158.31642150878906,416.4800109863281,119.49853515625,33.577110290527344,297.33349609375,75.94306182861328,160.55123901367188,41.55613327026367,66.48528289794922,160.8860321044922,462.1204833984375,43.146766662597656,128.4608154296875,81.49333190917969,561.0492553710938,109.24190521240234,87.90032958984375,120.20950317382812,252.7533264160156,230.14303588867188,111.0264129638672,71.70374298095703,142.5921173095703,445.2815246582031,84.50907897949219,149.95323181152344,97.48226165771484,42.04319381713867,115.37932586669922,87.95509338378906,201.83935546875,131.39999389648438,168.5611572265625,151.74166870117188,87.58202362060547,338.7743225097656,68.2162094116211,97.17385864257812,226.73716735839844,112.72042846679688,307.64776611328125,40.00927734375
2022-06-30,134.1529541015625,249.02972412109372,15.134650230407717,108.0698013305664,159.99444580078125,45.58588790893555,163.05880737304688,366.05999755859375,101.7676010131836,28.260108947753903,270.1972351074219,67.05630493164062,132.3237762451172,35.56376647949219,59.922096252441406,159.0758056640625,479.498779296875,42.65053939819336,133.5079345703125,81.39251708984375,537.3532104492188,101.04830169677734,79.37715911865234,106.20999908447266,224.47332763671875,226.52789306640625,95.70896911621094,69.77641296386719,124.40257263183594,457.7549743652344,75.38914489746094,124.29997253417967,78.52275848388672,32.712459564208984,94.31713104248048,71.53495788574219,167.15682983398438,136.72000122070312,151.31509399414062,151.98313903808594,88.49356842041016,284.60211181640625,69.8114242553711,92.58805084228516,227.60743713378903,104.77654266357422,273.4476318359375,39.58803939819336
2022-07-31,159.4586944580078,272.2135925292969,18.13382148742676,115.36649322509766,157.86119079589844,50.24665832519531,181.8109436035156,410.1199951171875,105.17501068115234,30.693044662475582,303.282958984375,75.02557373046875,147.0242919921875,39.8310546875,65.4894027709961,156.3963165283203,506.3009643554688,41.4074821472168,126.2662582397461,79.7587661743164,591.8817749023438,101.67491149902344,81.8270263671875,134.9499969482422,297.1499938964844,241.65850830078125,107.62107849121094,77.44002532958984,143.91339111328125,517.8819580078125,85.3277587890625,140.61227416992188,85.18508911132812,33.874229431152344,95.70545196533205,77.65108489990234,186.6729888916016,159.30999755859375,167.55130004882812,162.26577758789062,85.82337951660156,326.1419372558594,76.14725494384766,94.9371109008789,241.1789093017578,118.05506896972656,287.2088928222656,36.48428726196289
2022-08-31,154.4823455810547,254.0669860839844,15.069753646850586,107.33290100097656,161.66134643554688,46.83388519287109,154.24588012695312,373.4400024414063,103.68892669677734,30.5114803314209,304.9128112792969,75.84436798095703,145.0960235595703,39.95892333984375,67.50376892089844,145.5565185546875,484.8200378417969,37.07901382446289,118.3036880493164,76.20561981201172,539.3709106445312,95.89241790771484,77.75868225097656,126.7699966430664,275.6099853515625,232.7498321533203,99.68904876708984,77.22904968261719,142.120849609375,499.51263427734375,84.96576690673828,136.93441772460938,96.12474822998048,34.898780822753906,104.37934112548828,78.9089584350586,173.9236602783203,160.25,165.66697692871094,163.16256713867188,83.11883544921875,347.1162414550781,77.03275299072266,93.17986297607422,226.23599243164065,110.88592529296876,269.0063171386719,33.024635314941406
2022-09-30,135.7935333251953,226.30584716796875,12.123102188110352,94.86593627929688,134.62351989746094,42.012939453125,142.11328125,275.20001220703125,95.2738265991211,27.59648323059082,268.5984802246094,70.31757354736328,128.78228759765625,36.76842498779297,68.37910461425781,147.37893676757812,472.95892333984375,35.87392044067383,118.08370971679688,77.50393676757812,501.9259033203125,90.39017486572266,71.98834991455078,113.0,265.25,212.87733459472656,78.06440734863281,77.40357971191406,131.52870178222656,451.83837890625,77.60601806640625,124.46771240234376,91.17281341552734,32.992191314697266,97.33216857910156,71.19977569580078,154.49839782714844,121.08000183105467,146.08616638183594,135.5060272216797,75.8117904663086,318.35321044921875,71.01034545898438,81.07368469238281,191.1941375732422,91.05787658691406,257.4511413574219,29.991518020629883
2022-10-31,150.66986083984375,225.5576934814453,13.479324340820312,93.73528289794922,92.43462371826172,44.48350524902344,160.63821411132812,318.5,115.79303741455078,32.93302154541016,315.7648010253906,73.83911895751953,142.2482452392578,42.043270111083984,75.80023956298828,156.9509735107422,519.8858642578125,38.161128997802734,130.11965942382812,91.07520294189452,508.6355895996094,92.8627700805664,77.8633041381836,102.44000244140624,227.5399932861328,251.55213928222656,87.04292297363281,79.54399108886719,145.5865478515625,480.66998291015625,98.49415588378906,156.72171020507812,112.33123779296876,47.81570053100586,119.63225555419922,91.9898910522461,205.1833648681641,142.50999450683594,178.50213623046875,140.73202514648438,87.81423950195312,377.40142822265625,70.18619537353516,81.21315002441406,185.85174560546875,99.25846862792967,283.9612121582031,30.015045166015625
2022-11-30,145.69363403320312,248.61485290527344,16.905160903930664,100.16216278076172,117.18043518066406,52.13935470581055,158.32627868652344,344.92999267578125,127.10738372802734,34.58698272705078,356.25152587890625,83.6340103149414,151.0063934326172,44.117374420166016,78.74838256835938,161.6232452392578,512.96533203125,41.44819641113281,143.2560577392578,99.10279083251952,554.405517578125,100.9720687866211,70.4638900756836,96.54000091552734,194.6999969482422,253.0895233154297,103.018310546875,94.42333221435548,149.01499938964844,516.8519897460938,99.7619400024414,160.03807067871094,110.45329284667967,47.37457275390625,124.37301635742188,96.49283599853516,224.0940399169922,178.8800048828125,193.0303955078125,160.64169311523438,91.96217346191406,420.4790649414063,77.09628295898438,87.99925994873047,198.4636993408203,105.56800079345705,321.329345703125,31.30817985534668
2022-12-31,127.87933349609376,233.68667602539065,14.59859561920166,87.50676727294922,119.40298461914062,53.34721374511719,130.9983367919922,336.5299987792969,123.35433959960938,30.44169044494629,316.7930908203125,76.40016174316406,141.57745361328125,37.98971176147461,79.43531036376953,160.39743041992188,498.0325317382813,42.36596298217773,143.6382293701172,100.51129913330078,545.2606811523438,103.04633331298828,69.90348052978516,84.0,123.18000030517578,244.49822998046875,110.23040771484376,91.65160369873048,132.9334716796875,437.5390625,98.83008575439452,156.7030487060547,106.18414306640624,49.29778671264648,114.84976196289062,92.61316680908205,227.0799560546875,190.4900054931641,188.4145355224609,147.1878662109375,94.0115737915039,409.95220947265625,76.09505462646484,90.69391632080078,191.446533203125,101.7105712890625,312.5799865722656,31.6455192565918
2023-01-31,142.0126495361328,241.4723358154297,19.516407012939453,98.02977752685548,147.81005859375,55.81645965576172,165.95361328125,370.3399963378906,129.69578552246094,32.61084747314453,337.4864196777344,88.16757202148438,168.20298767089844,43.12370300292969,73.86357879638672,148.3846435546875,468.9216613769531,36.84731674194336,132.56788635253906,97.30435943603516,564.7072143554688,104.22943878173828,75.27307891845703,103.12999725341795,173.22000122070312,248.08872985839844,119.95247650146484,100.8352508544922,153.53707885742188,489.90960693359375,103.94631958007812,151.927490234375,109.6666259765625,52.543731689453125,118.01692199707033,89.22293090820312,240.2872772216797,213.0,183.29754638671875,156.8315887451172,93.01482391357422,404.2918701171875,67.9302978515625,90.21839141845705,201.86557006835935,116.6427993774414,317.1415100097656,33.913326263427734
2023-02-28,145.30494689941406,243.6498870849609,23.1915283203125,89.3217544555664,173.5778350830078,56.70187377929688,161.64598083496094,323.95001220703125,132.83714294433594,31.526264190673828,324.4227294921875,87.41568756103516,167.2991485595703,43.30618667602539,74.57189178466797,140.16030883789062,447.0814514160156,33.8517951965332,138.0859375,96.24444580078124,536.418701171875,95.90428161621094,74.47257995605469,94.2300033569336,205.7100067138672,246.2645263671875,111.90727996826172,94.79432678222656,151.2328338623047,464.877197265625,99.23843383789062,141.60043334960938,93.41517639160156,49.29939651489258,100.85649871826172,92.18317413330078,228.1534118652344,201.5500030517578,169.24269104003906,155.87258911132812,91.8780746459961,400.8497924804688,65.07110595703125,83.85523986816406,178.93099975585938,111.33757019042967,333.8447570800781,31.661684036254883
2023-03-31,162.54518127441406,281.63043212890625,27.75243186950684,102.87970733642578,210.28976440429688,61.65060806274414,197.3817596435547,385.3699951171875,120.75345611572266,26.45770263671875,303.9436950683594,79.5346908569336,158.60678100585938,34.61162185668945,50.12930679321289,141.7515869140625,445.51568603515625,34.04371643066406,142.99386596679688,97.05040740966795,571.0567626953125,95.4705810546875,73.13392639160156,103.29000091552734,207.4600067138672,260.91473388671875,115.8636245727539,96.68853759765624,148.65695190429688,477.061279296875,99.01272583007812,143.70545959472656,90.22850799560548,45.49144744873047,103.23863220214844,91.1225814819336,217.95294189453125,212.42999267578125,168.92449951171875,165.6952362060547,91.72819519042967,396.0038757324219,70.6135482788086,85.8212890625,184.65110778808597,113.3957061767578,341.8963317871094,31.726947784423828
2023-04-30,167.25692749023438,300.1517944335937,27.724458694458008,106.4601058959961,238.4487762451172,60.205299377441406,195.9886779785156,377.55999755859375,129.1072235107422,27.086767196655277,319.1171875,82.20626068115234,155.71034240722656,36.80608749389648,49.99531936645508,149.7079620361328,463.8985290527344,32.450008392333984,136.83895874023438,105.33330535888672,549.7845458984375,104.67452239990234,82.50470733642578,105.4499969482422,164.30999755859375,275.9755859375,119.71820831298828,106.12248229980467,141.5844268798828,483.1580810546875,106.84992980957033,148.47921752929688,93.5753402709961,45.72307968139648,108.3283462524414,88.98336029052734,209.521728515625,206.77999877929688,176.6318359375,153.58346557617188,93.57344818115234,362.5687255859375,70.20132446289062,87.96525573730469,186.0702667236328,113.83195495605467,355.3724670410156,32.2022590637207
2023-05-31,174.96047973632812,321.4942321777344,37.800540924072266,121.8628158569336,262.6588134765625,77.64321899414062,220.69845581054688,417.7900085449219,126.7444076538086,25.7083797454834,303.2525939941406,74.70471954345703,153.02732849121094,37.15000534057617,50.69249725341797,142.8763885498047,459.3263854980469,32.067344665527344,124.9226303100586,100.71749877929688,503.7726745605469,96.64886474609376,75.07521057128906,120.58000183105467,203.92999267578125,266.04693603515625,99.44396209716795,91.11376953125,118.30857849121094,492.1900939941406,93.05955505371094,133.9597625732422,90.77597045898438,39.68225860595703,97.28426361083984,83.24897003173828,197.02511596679688,205.6999969482422,170.23731994628906,144.0124053955078,86.83538818359375,331.8383178710937,67.72914123535156,80.24732971191406,167.908447265625,113.19577026367188,340.18414306640625,29.548458099365234
2023-06-30,191.46450805664065,333.3890991210937,42.26895904541016,118.71878814697266,284.7455139160156,83.80224609375,208.72393798828125,488.989990234375,135.8315887451172,26.752748489379883,301.97930908203125,78.03062438964844,168.12156677246094,39.82823944091797,54.5312385559082,152.5145263671875,454.9645385742188,30.93714714050293,121.99781799316406,105.96360778808594,517.2842407226562,103.30059051513672,80.54863739013672,130.36000061035156,261.7699890136719,279.9358215332031,104.61483764648438,92.43885803222656,119.1850814819336,517.9945678710938,97.677001953125,139.94534301757812,95.28507995605467,45.75748062133789,103.76744079589844,86.67489624023438,235.6161956787109,211.16000366210935,184.364501953125,154.576171875,92.3203353881836,389.8307800292969,68.41140747070312,80.6517562866211,178.00482177734375,112.24949645996094,367.8856506347656,30.842185974121094
2023-07-31,193.9124755859375,328.8661193847656,46.69249725341797,131.632080078125,316.1192321777344,86.81838989257812,222.3088836669922,546.1699829101562,148.53759765625,29.83924674987793,333.1846008300781,84.43282318115234,163.54617309570312,43.075714111328125,63.59413146972656,154.36656188964844,479.320068359375,30.753074645996094,136.94606018066406,97.93759155273438,543.9639892578125,105.99532318115234,80.23777770996094,133.67999267578125,267.42999267578125,275.0483703613281,104.63377380371094,94.78108978271484,123.31455993652344,539.4406127929688,97.66788482666016,145.55740356445312,108.2613754272461,54.3463249206543,120.98473358154295,101.36908721923828,255.1829376220703,238.8500061035156,172.4852294921875,161.37149047851562,82.8677749633789,413.31549072265625,67.5816421508789,84.1388168334961,174.67306518554688,114.19004821777344,377.14361572265625,28.768972396850582
2023-08-31,185.69374084472656,321.556884765625,49.31645202636719,135.0537872314453,293.5860900878906,89.16024017333984,218.8015289306641,559.3400268554688,137.60134887695312,26.956884384155277,309.3780822753906,78.52179718017578,153.0000762939453,38.83247756958008,57.1263542175293,150.057861328125,451.1213989257813,30.173154830932617,134.54734802246094,100.07723999023438,552.331787109375,97.96927642822266,74.51435089111328,138.00999450683594,258.0799865722656,265.1623840332031,96.40640258789062,91.41202545166016,115.33106994628906,529.4802856445312,102.09545135498048,144.65753173828125,109.94253540039062,54.92388534545898,117.4153289794922,104.7115478515625,270.541748046875,224.02999877929688,167.89920043945312,147.40589904785156,81.65242004394531,395.3628540039063,62.015403747558594,80.70909881591797,166.42173767089844,113.68659973144533,373.6392822265625,29.528715133666992
2023-09-30,169.2267303466797,309.7741394042969,43.46860122680664,129.78729248046875,297.8724670410156,80.67919158935547,200.34573364257807,509.8999938964844,136.36947631835938,25.74396514892578,305.4697265625,75.31267547607422,144.47802734375,38.42806625366211,53.02174758911133,144.55413818359375,479.1144104003906,28.288389205932617,136.469970703125,95.18436431884766,502.1816711425781,92.20916748046876,72.25537109375,127.12000274658205,250.22000122070312,248.45944213867188,90.9379653930664,85.62371063232422,100.76773071289062,544.59521484375,107.96278381347656,151.41001892089844,111.20915985107422,54.53583908081055,115.7173843383789,110.20578002929688,262.71795654296875,191.67999267578125,165.0404510498047,135.632568359375,68.29991149902344,364.3546752929688,53.18656539916992,80.21829986572266,150.9378662109375,103.43531799316406,360.6459655761719,27.359228134155277
2023-10-31,168.79180908203125,331.7109680175781,40.75150680541992,123.06287384033205,298.9241943359375,81.72730255126953,198.4191436767578,532.0599975585938,131.72987365722656,24.76610565185547,286.626220703125,66.10541534423828,141.99888610839844,37.402950286865234,50.25959014892578,137.67681884765625,508.92425537109375,26.062503814697266,130.54931640625,94.95320129394533,441.2654724121094,90.51769256591795,65.06303405761719,133.08999633789062,200.83999633789065,247.2616729736328,97.73785400390624,86.5337142944336,100.96823120117188,532.5264892578125,97.19221496582033,130.8562469482422,110.2808609008789,52.06629180908203,115.96662902832033,104.62899017333984,218.66033935546875,186.82000732421875,163.71827697753906,122.91077423095705,77.23954010009766,352.74957275390625,54.12422180175781,80.7908935546875,165.20068359375,92.8714828491211,370.1475524902344,30.288333892822266
2023-11-30,187.9969940185547,372.4933166503906,46.73731994628906,131.443603515625,324.6026306152344,89.92169189453125,248.8760986328125,611.010009765625,147.85272216796875,28.89694595336914,325.0821228027344,74.05821228027344,166.05592346191406,42.30992126464844,59.49301910400391,144.69198608398438,525.4683837890625,26.33609771728516,131.668212890625,94.74980926513672,491.8536987304688,99.84231567382812,73.09447479248047,146.08999633789062,240.0800018310547,267.4058532714844,104.87061309814452,93.6688461303711,123.21056365966795,572.42236328125,95.19923400878906,130.29531860351562,107.82342529296876,48.68002700805664,113.045654296875,119.30711364746094,242.52386474609372,231.6300048828125,176.05816650390625,133.47068786621094,77.89493560791016,351.83233642578125,54.76119995117188,84.84247589111328,193.5608367919922,105.94263458251952,400.7639465332031,33.047306060791016
2023-12-31,190.55047607421875,369.6719055175781,49.49174880981445,138.54493713378906,351.2039489746094,108.92662048339844,259.981201171875,596.5999755859375,161.13369750976562,31.91079330444336,367.1807556152344,87.0422134399414,182.1685333251953,46.70317077636719,66.75016784667969,146.637939453125,501.9930725097656,24.88402938842773,143.3009490966797,101.5263442993164,526.96337890625,105.37582397460938,76.5985107421875,151.94000244140625,248.47999572753903,281.32452392578125,103.60147857666016,90.5654296875,131.13856506347656,651.9500732421875,92.64181518554688,135.3401641845703,108.28990173339844,48.91505813598633,112.52291107177734,123.24114227294922,286.0044250488281,260.6600036621094,188.4501953125,138.41827392578125,80.43790435791016,387.4866027832031,56.84832382202149,89.21884155273438,201.72918701171875,123.6607437133789,399.0297546386719,32.50413131713867
2024-01-31,182.5040740966797,390.8471374511719,61.48940658569336,138.95156860351562,387.1022338867188,115.14751434326172,277.7156982421875,617.780029296875,166.18763732910156,32.2330322265625,365.505615234375,82.2300033569336,195.8292388916016,47.61408233642578,61.04534530639648,148.6587371826172,487.9478759765625,23.758243560791016,153.47332763671875,112.47799682617188,535.0943603515625,108.84777069091795,81.3963851928711,155.1999969482422,187.2899932861328,277.7286682128906,96.88365173339844,87.7544174194336,128.06312561035156,686.3214111328125,95.26408386230467,133.7704315185547,104.37142181396484,45.77561569213867,106.69844818115234,133.5806427001953,291.83856201171875,211.0399932861328,181.7554626464844,124.92240142822266,87.11078643798828,381.3914184570313,54.87350845336914,88.10636138916016,182.8252410888672,117.52872467041016,393.3169555664063,37.12899398803711
2024-02-29,179.11985778808594,407.38720703125,79.06366729736328,137.32501220703125,486.8296203613281,126.9052276611328,305.1128234863281,560.280029296875,177.33926391601562,32.94684600830078,372.9269104003906,81.09894561767578,214.05226135253903,53.11793899536133,65.05082702636719,152.125244140625,470.6512451171875,23.30203437805176,164.3490447998047,118.41015625,566.0694580078125,114.12902069091795,77.50975036621094,176.75999450683594,201.8800048828125,278.8889465332031,99.173828125,90.05696105957031,141.84976196289062,735.8079223632812,97.7486572265625,139.43112182617188,105.74554443359376,45.686622619628906,107.3267059326172,132.8676300048828,324.5392761230469,203.72000122070312,179.5648956298828,131.9851837158203,86.28894805908203,353.74493408203125,52.126708984375,85.38695526123047,185.82481384277344,123.63289642333984,436.0559387207031,35.08624649047852
2024-03-31,169.93344116210938,414.3600769042969,90.3050308227539,149.69277954101562,482.3102722167969,129.8878173828125,297.95318603515625,504.6000061035156,190.91180419921875,36.19190216064453,400.3800048828125,88.75261688232422,222.11997985839844,55.382545471191406,70.46686553955078,149.1181640625,473.55963134765625,24.346065521240234,169.9969482421875,123.65965270996094,577.3994750976562,109.33837127685548,81.7045669555664,180.3800048828125,175.7899932861328,269.0321960449219,89.99957275390625,86.72608184814453,164.38134765625,724.6702880859375,108.70938110351562,144.68699645996094,119.59561920166016,51.81220245361328,119.8728256225586,152.28823852539062,356.0933837890625,192.9900054931641,185.45611572265625,132.3145751953125,93.85256958007812,399.4936218261719,60.36271286010742,89.92455291748047,184.63807678222656,121.69698333740234,452.4490051269531,36.78707504272461
2024-04-30,168.7938232421875,383.4446105957031,86.35327911376953,161.44564819335938,427.2734069824219,127.42412567138672,266.0586242675781,462.8299865722656,183.81906127929688,35.32337951660156,409.0261840820313,86.41453552246094,229.0121917724609,56.68206787109375,72.03517150878906,136.29811096191406,463.0296936035156,22.477338790893555,153.2482452392578,121.10118865966795,564.9912109375,102.4463348388672,75.22633361816406,175.0,183.27999877929688,260.53045654296875,88.3524169921875,83.97407531738281,149.3262481689453,716.1937255859375,110.60784912109376,147.9248504638672,118.03583526611328,44.88311004638672,124.73446655273438,133.52024841308594,326.3173217773437,167.83999633789062,174.14353942871094,131.29080200195312,97.69210815429688,380.69287109375,63.25286483764648,91.36580657958984,161.75442504882812,95.37074279785156,429.6862487792969,35.18223571777344
2024-05-31,190.7745361328125,409.5921325683594,109.5711669921875,171.08595275878906,463.6865234375,130.1955108642578,231.92825317382807,444.760009765625,194.25917053222656,38.16756820678711,440.2490234375,93.0735092163086,234.85421752929688,57.58454513549805,71.61688232421875,139.37643432617188,474.2009887695313,25.52363586425781,151.9290771484375,117.65239715576172,564.2560424804688,98.79203033447266,76.28572845458984,176.44000244140625,178.0800018310547,247.0287628173828,91.02424621582033,76.70367431640625,145.85232543945312,802.376708984375,110.55403900146484,150.37289428710938,110.1439208984375,43.380069732666016,117.57875061035156,133.5476837158203,330.1698608398437,177.61000061035156,183.65853881835935,125.05612182617188,104.36908721923828,364.498779296875,75.57852935791016,97.2679214477539,184.5524444580078,103.25833129882812,424.3854064941406,36.6611557006836
2024-06-30,209.0035552978516,440.9876403808594,123.48046112060548,180.86419677734372,501.3219909667969,157.8386688232422,254.345458984375,555.5399780273438,193.9044647216797,38.18846130371094,436.19866943359375,92.45518493652344,226.5854034423828,57.07520294189453,72.01758575439453,138.89178466796875,489.5655212402344,24.91805076599121,161.615478515625,116.71582794189452,549.748779296875,100.45484161376952,74.44886779785156,193.25,197.8800048828125,244.74301147460935,72.45984649658203,74.43755340576172,138.26829528808594,842.1046142578125,108.5364227294922,144.92498779296875,108.15817260742188,44.88385391235352,118.8248519897461,132.66433715820312,324.883544921875,182.00999450683597,193.96823120117188,123.183837890625,97.1859130859375,364.822998046875,67.31295013427734,94.13115692138672,184.79147338867188,105.86426544189452,428.9640808105469,36.741336822509766
2024-07-31,220.3756103515625,412.7690734863281,116.96359252929688,170.32908630371094,472.1009216308594,157.96351623535156,256.4258117675781,551.6500244140625,205.13949584960935,38.70698165893555,490.887451171875,99.0650405883789,248.3521423339844,57.027156829833984,63.710487365722656,150.00045776367188,553.8782348632812,27.58174514770508,176.22268676757812,106.6563720703125,609.7340087890625,102.96067810058594,75.97169494628906,186.97999572753903,232.07000732421875,254.88461303710935,71.96952819824219,74.5331802368164,140.4818878173828,815.5337524414062,111.80796813964844,148.67738342285156,105.151123046875,45.93983459472656,120.53680419921876,136.71463012695312,339.0355834960937,190.6000061035156,185.98385620117188,117.35092163085938,113.7401351928711,363.2119140625,72.61737823486328,102.6210708618164,209.5279083251953,118.81571197509766,443.324462890625,36.69065856933594
2024-08-31,227.5055389404297,412.3171081542969,119.3124771118164,162.22671508789062,518.3138427734375,160.06735229492188,250.57992553710935,574.4099731445312,216.70748901367188,39.12948226928711,494.97503662109375,99.44898986816406,253.85821533203125,56.62033081054688,63.87690353393555,158.80844116210938,567.3753051757812,26.1999454498291,186.67318725585935,111.67196655273438,611.453857421875,110.08455657958984,83.78453826904297,178.5,214.1100006103516,277.2231140136719,80.10287475585938,90.97118377685548,144.60211181640625,885.3600463867188,112.09036254882812,138.6116180419922,108.37858581542967,41.8491096496582,122.45703887939452,132.9534149169922,348.730712890625,173.74000549316406,189.8876037597656,117.18597412109376,120.0423812866211,376.64752197265625,77.02959442138672,108.01422882080078,213.0073699951172,120.48411560058594,467.5191345214844,37.83158493041992
2024-09-30,231.47943115234372,425.3249206542969,121.3918685913086,164.89781188964844,569.69287109375,170.14146423339844,271.624755859375,517.780029296875,203.26931762695312,38.35044860839844,480.2882690429688,100.0536880493164,266.1757202148437,54.70296859741211,63.59233856201172,155.1699981689453,564.0618896484375,26.136728286743164,187.7857208251953,107.77806854248048,615.3240356445312,110.8037338256836,85.82769012451172,186.3300018310547,261.6300048828125,294.14678955078125,85.36581420898438,93.78006744384766,146.71058654785156,879.546142578125,111.40607452392578,137.97454833984375,100.2732925415039,40.16960144042969,116.85796356201172,124.55795288085938,383.0260009765625,152.0399932861328,188.79161071777344,124.28732299804688,117.9206771850586,408.9310607910156,80.87580871582031,109.29391479492188,221.08807373046875,119.91818237304688,467.5312194824219,40.66578674316406
2024-10-31,224.4357147216797,401.6518859863281,132.70736694335938,170.1276092529297,564.856201171875,167.4488067626953,289.1502380371094,478.0799865722656,215.2421417236328,40.41874313354492,502.2892456054688,112.46356201171876,265.76910400390625,62.86628341674805,69.49923706054688,153.0635223388672,544.593505859375,25.55871963500977,195.4101409912109,97.11035919189452,543.4531860351562,110.70101165771484,85.08409118652344,186.3999938964844,249.8500061035156,282.16876220703125,74.4826431274414,93.98207092285156,141.2322235107422,867.30322265625,110.98789978027344,139.42669677734375,104.3307113647461,38.36939239501953,116.7702178955078,115.43286895751952,369.7384033203125,149.30999755859375,187.8509063720703,122.2088851928711,117.75521850585938,396.54541015625,75.82405853271484,109.26546478271484,204.4833221435547,107.25022888183594,447.2263488769531,38.7440299987793
2024-11-30,236.04058837890625,419.40185546875,138.19520568847656,167.97999572753906,571.5638427734375,159.8639373779297,327.4760131835937,515.9299926757812,242.2056121826172,45.918087005615234,590.3517456054688,127.32325744628906,299.8168640136719,74.1854019165039,81.48350524902344,149.61061096191406,588.6819458007812,24.038841247558597,175.33908081054688,96.46497344970705,526.8507690429688,115.973876953125,82.50059509277344,207.88999938964844,345.1600036621094,285.9360656738281,76.06635284423828,99.17057800292967,125.44366455078124,965.515869140625,113.03058624267578,153.2567596435547,103.9088363647461,42.075138092041016,127.58935546875,128.08045959472656,399.1346435546875,155.44000244140625,213.78607177734372,125.24484252929688,119.20426177978516,456.5235290527344,75.77357482910156,112.01030731201172,200.1358795166016,110.8967742919922,451.9716796875,40.77641296386719
2024-12-31,249.0594787597656,417.4606018066406,134.2460174560547,188.4288787841797,583.1702270507812,229.2828063964844,332.1614990234375,444.6799926757813,232.496826171875,42.71365737915039,558.2297973632812,121.62511444091795,292.0528259277344,68.409912109375,72.86846923828125,139.58251953125,489.8931579589844,24.332334518432617,170.3260955810547,95.17073822021484,517.884765625,110.44713592529295,76.81037139892578,219.38999938964844,403.8399963378906,281.7088623046875,73.44570922851562,88.32047271728516,128.16473388671875,910.2700805664062,103.07476043701172,137.08213806152344,95.11389923095705,36.94557571411133,117.36382293701172,108.91331481933594,356.529296875,177.0,207.32464599609372,116.36732482910156,113.22593688964844,416.7628173828125,69.0505599975586,103.10115051269533,177.19143676757812,101.24961853027344,411.724609375,36.77602005004883
